{
  "total_trades": 1367,
  "win_rate": 0.8076079005120702,
  "total_return": 1.8782493447594766e+23,
  "signals_generated": 1885,
  "signals_taken": 1367,
  "signal_conversion": 0.7251989389920425,
  "performance_by_hour": {